[{  "notProcessedImage": "/healthy/21969_1_56111.dcm__Healthy_proc_8U.jpg",  "processedImage": "/healthy/21969_1_56111_out.jpg"}, {  "notProcessedImage": "/healthy/56997_1_101926.dcm__Healthy_proc_8U.jpg",  "processedImage": "/healthy/56997_1_101926_out.jpg"}, {  "notProcessedImage": "/healthy/100625_1_27702.dcm__Healthy_proc_8U.jpg",  "processedImage": "/healthy/100625_1_27702_out.jpg"}, {  "notProcessedImage": "/healthy/107027_1_35205.dcm__Healthy_proc_8U.jpg",  "processedImage": "/healthy/107027_1_35205_out.jpg"}, {  "notProcessedImage": "/healthy/118959_1_55470.dcm__Healthy_proc_8U.jpg",  "processedImage": "/healthy/118959_1_55470_out.jpg"}, {  "notProcessedImage": "/healthy/124077_1_66157.dcm__Healthy_proc_8U.jpg",  "processedImage": "/healthy/124077_1_66157_out.jpg"}, {  "notProcessedImage": "/healthy/143972_1_126188.dcm__Healthy_proc_8U.jpg",  "processedImage": "/healthy/143972_1_126188_out.jpg"}, {  "notProcessedImage": "/healthy/207751_1_16826.dcm__Healthy_8U.jpg",  "processedImage": "/healthy/207751_1_16826_out.jpg"}, {  "notProcessedImage": "/healthy/310351_1_98940.dcm__Healthy_8U.jpg",  "processedImage": "/healthy/310351_1_98940_out.jpg"}, {  "notProcessedImage": "/healthy/374353_1_117017.dcm__Healthy_proc_8U.jpg",  "processedImage": "/healthy/374353_1_117017_out.jpg"}, {  "notProcessedImage": "/healthy/385552_1_120132.dcm__Healthy_proc_8U.jpg",  "processedImage": "/healthy/385552_1_120132_out.jpg"}, {  "notProcessedImage": "/healthy/408818_1_134416.dcm__Healthy_8U.jpg",  "processedImage": "/healthy/408818_1_134416_out.jpg"}, {  "notProcessedImage": "/healthy/455230_1_155404.dcm__Healthy_8U.jpg",  "processedImage": "/healthy/455230_1_155404_out.jpg"}, {  "notProcessedImage": "/healthy/474775_1_168095.dcm__Healthy_proc_8U.jpg",  "processedImage": "/healthy/474775_1_168095_out.jpg"}, {  "notProcessedImage": "/healthy/487964_1_10925.dcm__Healthy_proc_8U.jpg",  "processedImage": "/healthy/487964_1_10925_out.jpg"}, {  "notProcessedImage": "/healthy/495997_1_150926.dcm__Healthy_proc_8U.jpg",  "processedImage": "/healthy/495997_1_150926_out.jpg"}, {  "notProcessedImage": "/healthy/558349_1_3098.dcm__Healthy_proc_8U.jpg",  "processedImage": "/healthy/558349_1_3098_out.jpg"}, {  "notProcessedImage": "/healthy/563629_1_8168.dcm__Healthy_proc_8U.jpg",  "processedImage": "/healthy/563629_1_8168_out.jpg"}, {  "notProcessedImage": "/healthy/576884_1_21544.dcm__Healthy_proc_8U.jpg",  "processedImage": "/healthy/576884_1_21544_out.jpg"}, {  "notProcessedImage": "/healthy/579872_1_24854.dcm__Healthy_proc_8U.jpg",  "processedImage": "/healthy/579872_1_24854_out.jpg"}, {  "notProcessedImage": "/healthy/581994_1_23600.dcm__Healthy_proc_8U.jpg",  "processedImage": "/healthy/581994_1_23600_out.jpg"}, {  "notProcessedImage": "/healthy/633964_1_53739.dcm__Healthy_proc_8U.jpg",  "processedImage": "/healthy/633964_1_53739_out.jpg"}, {  "notProcessedImage": "/healthy/640884_1_101393.dcm__Healthy_proc_8U.jpg",  "processedImage": "/healthy/640884_1_101393_out.jpg"}, {  "notProcessedImage": "/healthy/647366_1_110165.dcm__Healthy_proc_8U.jpg",  "processedImage": "/healthy/647366_1_110165_out.jpg"}, {  "notProcessedImage": "/notHealthy/245_1_32057.dcm__TB_proc_8U.jpg",  "processedImage": "/notHealthy/245_1_32057.dcm__TB_proc_8U_1.jpg"}, {  "notProcessedImage": "/notHealthy/20611_1_53864.dcm__TB_proc_8U.jpg",  "processedImage": "/notHealthy/20611_1_53864.dcm__TB_proc_8U_2.jpg"}, {  "notProcessedImage": "/notHealthy/21969_1_56111.dcm__Healthy_proc_8U.jpg",  "processedImage": "/notHealthy/21969_1_56111.dcm__Healthy_proc_8U_3.jpg"}, {  "notProcessedImage": "/notHealthy/58932_1_104546.dcm__TB_proc_8U.jpg",  "processedImage": "/notHealthy/58932_1_104546.dcm__TB_proc_8U_4.jpg"}, {  "notProcessedImage": "/notHealthy/278276_1_3804.dcm__TB_proc_8U.jpg",  "processedImage": "/notHealthy/278276_1_3804.dcm__TB_proc_8U_5.jpg"}, {  "notProcessedImage": "/notHealthy/404674_1_33672.dcm__TB_proc_8U.jpg",  "processedImage": "/notHealthy/404674_1_33672.dcm__TB_proc_8U_6.jpg"}, {  "notProcessedImage": "/notHealthy/406129_1_52317.dcm__TB_proc_8U.jpg",  "processedImage": "/notHealthy/406129_1_52317.dcm__TB_proc_8U_7.jpg"}, {  "notProcessedImage": "/notHealthy/423332_1_11711.dcm__TB_proc_8U.jpg",  "processedImage": "/notHealthy/423332_1_11711.dcm__TB_proc_8U_8.jpg"}, {  "notProcessedImage": "/notHealthy/452016_1_153447.dcm__TB_8U.jpg",  "processedImage": "/notHealthy/452016_1_153447.dcm__TB_8U_10.jpg"}, {  "notProcessedImage": "/notHealthy/459797_1_62754.dcm__TB_proc_8U.jpg",  "processedImage": "/notHealthy/459797_1_62754.dcm__TB_proc_8U_11.jpg"}, {  "notProcessedImage": "/notHealthy/474054_1_13722.dcm__TB_proc_8U.jpg",  "processedImage": "/notHealthy/474054_1_13722.dcm__TB_proc_8U_12.jpg"}, {  "notProcessedImage": "/notHealthy/479344_1_35046.dcm__TB_proc_8U.jpg",  "processedImage": "/notHealthy/479344_1_35046.dcm__TB_proc_8U_13.jpg"}, {  "notProcessedImage": "/notHealthy/483027_1_20608.dcm__TB_8U.jpg",  "processedImage": "/notHealthy/483027_1_20608.dcm__TB_8U_14.jpg"}, {  "notProcessedImage": "/notHealthy/486238_1_24389.dcm__TB_8U.jpg",  "processedImage": "/notHealthy/486238_1_24389.dcm__TB_8U_15.jpg"}, {  "notProcessedImage": "/notHealthy/510774_1_17179.dcm__TB_proc_8U.jpg",  "processedImage": "/notHealthy/510774_1_17179.dcm__TB_proc_8U_17.jpg"}, {  "notProcessedImage": "/notHealthy/525045_1_21469.dcm__TB_proc_8U.jpg",  "processedImage": "/notHealthy/525045_1_21469.dcm__TB_proc_8U_18.jpg"}, {  "notProcessedImage": "/notHealthy/533204_1_4275.dcm__TB_proc_8U.jpg",  "processedImage": "/notHealthy/533204_1_4275.dcm__TB_proc_8U_19.jpg"}, {  "notProcessedImage": "/notHealthy/565175_1_4506.dcm__TB_proc_8U.jpg",  "processedImage": "/notHealthy/565175_1_4506.dcm__TB_proc_8U_20.jpg"}, {  "notProcessedImage": "/notHealthy/566406_1_10984.dcm__TB_proc_8U.jpg",  "processedImage": "/notHealthy/566406_1_10984.dcm__TB_proc_8U_21.jpg"}, {  "notProcessedImage": "/notHealthy/604072_1_17856.dcm__TB_proc_8U.jpg",  "processedImage": "/notHealthy/604072_1_17856.dcm__TB_proc_8U_22.jpg"}, {  "notProcessedImage": "/notHealthy/646435_1_108888.dcm__TB_proc_8U.jpg",  "processedImage": "/notHealthy/646435_1_108888.dcm__TB_proc_8U_23.jpg"}, {  "notProcessedImage": "/notHealthy/649363_1_112975.dcm__TB_proc_8U.jpg",  "processedImage": "/notHealthy/649363_1_112975.dcm__TB_proc_8U_24.jpg"}, {  "notProcessedImage": "/notHealthy/651048_1_115271.dcm__TB_proc_8U.jpg",  "processedImage": "/notHealthy/651048_1_115271.dcm__TB_proc_8U_25.jpg"}, {  "notProcessedImage": "/notHealthy/703560_1_43978.dcm__TB_proc_8U.jpg",  "processedImage": "/notHealthy/703560_1_43978.dcm__TB_proc_8U_26.jpg"}]